금융회사명,상품명,기본금리(%),대출한도,만기이자,가입대상,저축기간(개월)
경남은행,따듯한햇살론뱅크,7.30%,정보없음,원리금균등상환,정보없음,정보없음
지역농협,NH 햇살론,7.62%,정보없음,원리금균등상환,정보없음,정보없음
진주저축은행,햇살론,8.27%,정보없음,원리금균등상환,정보없음,정보없음
융창저축은행,근로자햇살론,8.97%,정보없음,원리금균등상환,정보없음,정보없음
융창저축은행,온라인햇살론,8.97%,정보없음,원리금균등상환,정보없음,정보없음
하나저축은행,햇살론,9%,정보없음,원리금균등상환,정보없음,정보없음
BNK저축은행,햇살론,9.01%,정보없음,원리금균등상환,정보없음,정보없음
BNK저축은행,NH온라인햇살론,9.36%,정보없음,원리금균등상환,정보없음,정보없음
K저축은행,햇살론(생계자금),9.42%,정보없음,원리금균등상환,정보없음,정보없음
IBK저축은행,온라인햇살론(간편대출),9.45%,정보없음,원리금균등상환,정보없음,정보없음
우리금융저축은행,우리WON햇살론,9.47%,정보없음,원리금균등상환,정보없음,정보없음
신한저축은행,햇살론/온라인햇살론,9.51%,정보없음,원리금균등상환,정보없음,정보없음
KB저축은행,온라인햇살론,9.63%,정보없음,원리금균등상환,정보없음,정보없음
DB저축은행,햇살론,9.76%,정보없음,원리금균등상환,정보없음,정보없음
키움저축은행,햇살론,10.26%,정보없음,원리금균등상환,정보없음,정보없음
동원제일저축은행,직장인 햇살론,10.26%,정보없음,원리금균등상환,정보없음,정보없음
OK저축은행,근로자햇살론,10.41%,정보없음,원리금균등상환,정보없음,정보없음
광주은행,KJB햇살론뱅크,10.42%,정보없음,원리금균등상환,정보없음,정보없음
모아저축은행,햇살론,10.47%,정보없음,원리금균등상환,정보없음,정보없음
키움yes저축은행,햇살론(근로자),10.66%,정보없음,원리금균등상환,정보없음,정보없음
전북은행,햇살론뱅크,11.52%,정보없음,원리금균등상환,정보없음,정보없음
케이뱅크,비상금대출,7.03%,정보없음,원리금균등상환,정보없음,정보없음
국민은행,KB 사잇돌 중금리대출,8.63%,정보없음,원리금균등상환,정보없음,정보없음
케이뱅크,사잇돌 대출,8.98%,정보없음,원리금균등상환,정보없음,정보없음
우리금융저축은행,사잇돌2,13.50%,정보없음,원리금균등상환,정보없음,정보없음
KB저축은행,KB사잇돌2대출(표준형),13.80%,정보없음,원리금균등상환,정보없음,정보없음
융창저축은행,사잇돌2,15.81%,정보없음,원리금균등상환,정보없음,정보없음
진주저축은행,사잇돌,16%,정보없음,원리금균등상환,정보없음,정보없음
경남은행,경남새희망홀씨대출II,5.59%,정보없음,원리금균등상환,정보없음,정보없음
기업은행,IBK새희망홀씨II,6.10%,정보없음,원리금균등상환,정보없음,정보없음
신한은행,쏠편한 포켓론 (소액 새희망 홀씨),6.76%,정보없음,원리금균등상환,정보없음,정보없음
신한은행,신한 새희망홀씨II,7.28%,정보없음,원리금균등상환,정보없음,정보없음
우리은행,우리 새희망홀씨II(스마트),7.57%,정보없음,원리금균등상환,정보없음,정보없음
하나은행,하나 새희망홀씨II,7.72%,정보없음,원리금균등상환,정보없음,정보없음
우리은행,우리 새희망홀씨II,7.79%,정보없음,원리금균등상환,정보없음,정보없음
전북은행,JB 새희망홀씨II 대출,8.11%,정보없음,원리금균등상환,정보없음,정보없음
신한은행,쏠편한 새희망홀씨 대출,8.13%,정보없음,원리금균등상환,정보없음,정보없음
농협은행,NH모바일새희망홀씨II,8.35%,정보없음,원리금균등상환,정보없음,정보없음
부산은행,새희망홀씨II,8.55%,정보없음,원리금균등상환,정보없음,정보없음
국민은행,KB 새희망홀씨II,9.79%,정보없음,원리금균등상환,정보없음,정보없음
광주은행,KJB 새희망홀씨II(대환),10.16%,정보없음,원리금균등상환,정보없음,정보없음
SC제일은행,새희망홀씨2,10.27%,정보없음,원리금균등상환,정보없음,정보없음
부산은행,ONE신용대출-소액대출,6.90%,정보없음,원리금균등상환,정보없음,정보없음
SC제일은행,모바일소액대출,10.85%,정보없음,원리금균등상환,정보없음,정보없음
iM뱅크,쓰담쓰담 간편대출,12.44%,정보없음,원리금균등상환,정보없음,정보없음
iM뱅크,핀크비상금대출,12.48%,정보없음,원리금균등상환,정보없음,정보없음
신한카드,원스탑 대환대출,13.05%,정보없음,원리금균등상환,정보없음,정보없음
신한카드,장기카드대출,13.20%,정보없음,원리금균등상환,정보없음,정보없음
신한카드,가계신용대출,14.08%,정보없음,원리금균등상환,정보없음,정보없음
스마트저축은행,비상금대출,14.36%,정보없음,원리금균등상환,정보없음,정보없음
다올저축은행,Fi 비상금 자동대출,17.00%,정보없음,원리금균등상환,정보없음,정보없음
스마트저축은행,Smart-I 비상금 자동대출,18.03%,정보없음,원리금균등상환,정보없음,정보없음
다올저축은행,Fi비상금,18.19%,정보없음,원리금균등상환,정보없음,정보없음
OK저축은행,비상금OK론,18.20%,정보없음,원리금균등상환,정보없음,정보없음
KB저축은행,kiwi여성비상금대출,18.87%,정보없음,원리금균등상환,정보없음,정보없음
KB저축은행,kiwi비상금대출,19.17%,정보없음,원리금균등상환,정보없음,정보없음
SBI저축은행,SBI스피드대출(추가),19.90%,정보없음,원리금균등상환,정보없음,정보없음
